{"cameraMode":{"drawMode":0,"name":"Shaded","section":"Shading Mode"},"sceneLighting":false,"audioPlay":false,"sceneViewState":{"m_AlwaysRefresh":false,"showFog":true,"showSkybox":false,"showFlares":true,"showImageEffects":true,"showParticleSystems":true,"showVisualEffectGraphs":true,"m_FxEnabled":true},"in2DMode":false,"pivot":{"x":-20.46141242980957,"y":1.2675762176513672,"z":-0.314206600189209},"rotation":{"x":-0.08719445019960404,"y":0.01852302998304367,"z":-0.0016576600028201938,"w":-0.9961808919906616},"size":1.0606601238250733,"orthographic":false}